[
  {
    "item" : "matteroverdrive:dilithium_ore:0",
    "color" : 3,
    "rarity" : [
      {
        "whitelist": "",
        "blacklist": "minecraft:hell, minecraft:sky",
        "depth_min": 0,
        "depth_max": 255,
        "weight": 2
      }
    ]
  },
  {
    "item" : "matteroverdrive:tritanium_ore:0",
    "color" : 7,
    "rarity" : [
      {
        "whitelist": "",
        "blacklist": "minecraft:hell, minecraft:sky",
        "depth_min": 0,
        "depth_max": 255,
        "weight": 2
      }
    ]
  }
]
