{
    "images":
    {
        "title":
        {
            "image" : "custommainmenu:textures/title.png",
            "posX" : -150,
            "posY" : 10,
            "width" : 312,
            "height" : 75,
            "alignment" : "top_center"
        },
        
        "edition":
        {
            "image" : "custommainmenu:textures/gui/edition.png",
            "posX" : -49,
            "posY" : 67,
            "width" : 0,
            "height" : 0,
            "alignment" : ""
        }
    },
    
    "buttons":
    {
        "singleplayer":
        {
            "text" : "Forever Alone",
            "posX" : 40,
            "posY" : -48,
            "width" : 200,
            "height" : 20,
			"alignment" : "left_center",
			"texture" : "custommainmenu:textures/longbutton.png",
			"action" : 
            {
                "type" : "openGui",
                "gui" : "singleplayer"
            }
        },
        
        "multiplayer":
        {
            "text" : "Friendship is Magic",
            "posX" : 40,
            "posY" : -24,
            "width" : 200,
            "height" : 20,
			"alignment" : "left_center",
			"texture" : "custommainmenu:textures/longbutton.png",
			"action" : 
            {
                "type" : "openGui",
                "gui" : "multiplayer"
            }
        },
        
        "mods":
        {
            "text" : "fml.menu.mods",
            "posX" : 40,
            "posY" : -0,
            "width" : 200,
            "height" : 20,
			"alignment" : "left_center",
			"texture" : "custommainmenu:textures/longbutton.png",
			"action" : 
            {
                "type" : "openGui",
                "gui" : "mods"
            }
        },
            
        "options":
        {
            "text" : "menu.options",
            "posX" : 40,
            "posY" : 25,
            "width" : 200,
            "height" : 20,
			"alignment" : "left_center",
			"texture" : "custommainmenu:textures/longbutton.png",
			"action" : 
            {
                "type" : "openGui",
                "gui" : "options"
            }
        },
        
        "quit":
        {
            "text" : "menu.quit",
            "posX" : 40,
            "posY" : 50,
            "width" : 200,
            "height" : 20,
			"alignment" : "left_center",
			"texture" : "custommainmenu:textures/longbutton.png",
			"action" : 
            {
                "type" : "quit"
            }
        },
        
        "language":
        {
            "text" : "",
            "posX" : 115,
            "posY" : 75,
            "width" : 20,
            "height" : 20,
			"alignment" : "left_center",
			"texture" : "custommainmenu:textures/lang.png",
			"action" : 
            {
                "type" : "openGui",
                "gui" : "languages"
            }
        },
        
        "refresh":
        {
            "text" : "",
            "posX" : 140,
            "posY" : 75,
            "width" : 20,
            "height" : 20,
			"alignment" : "left_center",
            "texture" : "custommainmenu:textures/refresh.png",
			"action" : 
            {
                "type" : "refresh"
            }
        }
    },
    
    "labels":
    {
        "mojang":
        {
            "text" : "Copyright Mojang AB. Do not distribute!",
            "hoverText" : "�nCopyright Mojang AB. Do not distribute!",
            "posX" : -197,
            "posY" : -10,
            "color" : -1,
            "alignment" : "bottom_right",
            "action" : 
            {
                "type" : "openGui",
                "gui" : "credits"
            }
        },
        
        "fml":
        {
            "text" : "",
            "posX" : 2,
            "posY" : -40,
            "color" : -1,
            "alignment" : "bottom_left"
        }
    },
    
    "other":
    {
        "splash-text":
        {
            "posX" : 150,
            "posY" : 50,
            "color" : -256,
            "alignment" : "top_center",
            "texts" : "file:minecraft:texts/splashes.txt"
        },
        
        "background":
        {
            "image" : "custommainmenu:textures/background.png",
			"mode" : "stretch"
        }
    }
}